;Filter 1;Filter 2
filter glass type;UG5;BG39
Reflection factor  P;0.910;0.910
Reference thickness;1.00;1.00
Filter thickness   d;3.000;3.000
?[nm];ti 1;ti 2
200;1.00E-15;1.00E-54
201;1.00E-15;1.00E-54
202;1.00E-15;1.00E-54
203;1.00E-15;1.00E-54
204;1.00E-15;1.00E-54
205;1.00E-15;1.00E-54
206;1.00E-15;1.00E-54
207;1.00E-15;1.00E-54
208;1.00E-15;1.00E-54
209;1.00E-15;1.00E-54
210;1.11E-14;1.00E-54
211;7.80E-13;1.00E-54
212;3.12E-11;1.00E-54
213;5.45E-10;1.00E-54
214;8.00E-09;1.00E-54
215;9.23E-08;1.00E-54
216;1.30E-06;1.00E-54
217;9.13E-06;1.00E-54
218;3.76E-05;1.00E-54
219;1.09E-04;1.00E-54
220;3.29E-04;1.00E-54
221;8.49E-04;1.00E-54
222;2.11E-03;1.00E-54
223;4.49E-03;1.00E-54
224;8.44E-03;1.00E-54
225;1.45E-02;1.00E-54
226;2.31E-02;1.00E-54
227;3.46E-02;1.00E-54
228;4.98E-02;1.00E-54
229;6.84E-02;1.00E-54
230;9.11E-02;1.00E-54
231;1.15E-01;1.00E-54
232;1.41E-01;1.00E-54
233;1.70E-01;1.00E-54
234;1.99E-01;1.00E-54
235;2.29E-01;1.00E-54
236;2.59E-01;1.00E-54
237;2.90E-01;1.00E-54
238;3.17E-01;1.00E-54
239;3.43E-01;1.00E-54
240;3.70E-01;1.00E-54
241;3.97E-01;1.00E-54
242;4.20E-01;1.00E-54
243;4.40E-01;1.00E-54
244;4.62E-01;1.00E-54
245;4.82E-01;1.00E-54
246;5.01E-01;1.00E-54
247;5.18E-01;1.00E-54
248;5.35E-01;1.00E-54
249;5.50E-01;1.00E-54
250;5.64E-01;1.00E-54
251;5.76E-01;1.00E-54
252;5.91E-01;1.00E-54
253;6.02E-01;1.00E-54
254;6.15E-01;1.00E-54
255;6.25E-01;1.00E-54
256;6.36E-01;1.00E-54
257;6.47E-01;1.00E-54
258;6.59E-01;1.00E-54
259;6.68E-01;1.00E-54
260;6.79E-01;1.00E-54
261;6.88E-01;1.00E-54
262;6.96E-01;1.00E-54
263;7.05E-01;1.00E-54
264;7.13E-01;1.00E-54
265;7.22E-01;1.00E-54
266;7.29E-01;1.00E-54
267;7.36E-01;1.00E-54
268;7.44E-01;1.00E-54
269;7.51E-01;1.00E-54
270;7.59E-01;1.00E-54
271;7.66E-01;1.00E-54
272;7.75E-01;1.00E-54
273;7.84E-01;1.00E-54
274;7.91E-01;1.00E-54
275;7.99E-01;1.00E-54
276;8.06E-01;1.00E-54
277;8.12E-01;1.00E-54
278;8.17E-01;1.00E-54
279;8.23E-01;1.00E-54
280;8.28E-01;1.00E-54
281;8.32E-01;1.00E-54
282;8.36E-01;1.00E-54
283;8.40E-01;1.00E-54
284;8.43E-01;1.00E-54
285;8.47E-01;1.00E-54
286;8.50E-01;1.00E-54
287;8.53E-01;1.00E-54
288;8.57E-01;1.00E-54
289;8.60E-01;1.00E-54
290;8.63E-01;1.00E-54
291;8.66E-01;5.11E-54
292;8.68E-01;1.76E-50
293;8.70E-01;2.36E-47
294;8.72E-01;1.52E-44
295;8.74E-01;1.07E-41
296;8.76E-01;4.85E-39
297;8.78E-01;2.15E-36
298;8.81E-01;6.90E-34
299;8.83E-01;2.29E-31
300;8.85E-01;6.12E-29
301;8.86E-01;9.79E-27
302;8.88E-01;1.56E-24
303;8.90E-01;1.90E-22
304;8.92E-01;1.69E-20
305;8.93E-01;1.11E-18
306;8.94E-01;5.04E-17
307;8.96E-01;1.83E-15
308;8.97E-01;4.97E-14
309;8.99E-01;9.99E-13
310;9.00E-01;1.51E-11
311;9.02E-01;1.75E-10
312;9.04E-01;1.59E-09
313;9.07E-01;1.11E-08
314;9.10E-01;6.49E-08
315;9.13E-01;3.16E-07
316;9.15E-01;1.27E-06
317;9.19E-01;4.33E-06
318;9.23E-01;1.37E-05
319;9.26E-01;3.39E-05
320;9.29E-01;8.04E-05
321;9.30E-01;1.78E-04
322;9.32E-01;3.80E-04
323;9.34E-01;7.19E-04
324;9.35E-01;1.33E-03
325;9.36E-01;2.25E-03
326;9.38E-01;3.74E-03
327;9.39E-01;5.53E-03
328;9.40E-01;8.12E-03
329;9.41E-01;1.16E-02
330;9.42E-01;1.65E-02
331;9.42E-01;2.16E-02
332;9.43E-01;2.79E-02
333;9.44E-01;3.54E-02
334;9.44E-01;4.45E-02
335;9.45E-01;5.46E-02
336;9.45E-01;6.53E-02
337;9.45E-01;7.68E-02
338;9.46E-01;9.01E-02
339;9.46E-01;1.03E-01
340;9.46E-01;1.18E-01
341;9.46E-01;1.34E-01
342;9.46E-01;1.47E-01
343;9.46E-01;1.62E-01
344;9.46E-01;1.77E-01
345;9.45E-01;1.93E-01
346;9.45E-01;2.09E-01
347;9.45E-01;2.24E-01
348;9.45E-01;2.38E-01
349;9.44E-01;2.53E-01
350;9.437E-01;2.67E-01
351;9.43E-01;2.82E-01
352;9.42E-01;2.94E-01
353;9.41E-01;3.07E-01
354;9.40E-01;3.19E-01
355;9.39E-01;3.32E-01
356;9.38E-01;3.44E-01
357;9.36E-01;3.56E-01
358;9.35E-01;3.67E-01
359;9.33E-01;3.78E-01
360;9.30E-01;3.89E-01
361;9.27E-01;3.99E-01
362;9.24E-01;4.08E-01
363;9.21E-01;4.18E-01
364;9.17E-01;4.26E-01
365;9.12E-01;4.35E-01
366;9.08E-01;4.44E-01
367;9.03E-01;4.52E-01
368;8.98E-01;4.61E-01
369;8.91E-01;4.68E-01
370;8.85E-01;4.77E-01
371;8.77E-01;4.84E-01
372;8.69E-01;4.91E-01
373;8.59E-01;4.99E-01
374;8.48E-01;5.05E-01
375;8.36E-01;5.12E-01
376;8.23E-01;5.19E-01
377;8.10E-01;5.26E-01
378;7.93E-01;5.32E-01
379;7.77E-01;5.38E-01
380;7.59E-01;5.44E-01
381;7.39E-01;5.50E-01
382;7.17E-01;5.56E-01
383;6.91E-01;5.61E-01
384;6.67E-01;5.67E-01
385;6.41E-01;5.73E-01
386;6.12E-01;5.78E-01
387;5.82E-01;5.84E-01
388;5.50E-01;5.90E-01
389;5.20E-01;5.95E-01
390;4.87E-01;6.00E-01
391;4.55E-01;6.05E-01
392;4.22E-01;6.11E-01
393;3.88E-01;6.16E-01
394;3.53E-01;6.21E-01
395;3.23E-01;6.26E-01
396;2.91E-01;6.31E-01
397;2.62E-01;6.35E-01
398;2.34E-01;6.40E-01
399;2.09E-01;6.44E-01
400;1.85E-01;6.49E-01
401;1.64E-01;6.53E-01
402;1.45E-01;6.58E-01
403;1.27E-01;6.63E-01
404;1.11E-01;6.67E-01
405;9.54E-02;6.72E-01
406;8.35E-02;6.76E-01
407;7.24E-02;6.81E-01
408;6.25E-02;6.85E-01
409;5.36E-02;6.89E-01
410;4.67E-02;6.93E-01
411;4.07E-02;6.97E-01
412;3.56E-02;7.01E-01
413;3.11E-02;7.05E-01
414;2.72E-02;7.08E-01
415;2.39E-02;7.12E-01
416;2.12E-02;7.16E-01
417;1.87E-02;7.20E-01
418;1.64E-02;7.24E-01
419;1.47E-02;7.28E-01
420;1.31E-02;7.32E-01
421;1.17E-02;7.35E-01
422;1.06E-02;7.39E-01
423;9.64E-03;7.44E-01
424;8.74E-03;7.47E-01
425;8.00E-03;7.51E-01
426;7.36E-03;7.55E-01
427;6.82E-03;7.59E-01
428;6.33E-03;7.62E-01
429;5.95E-03;7.66E-01
430;5.64E-03;7.69E-01
431;5.37E-03;7.72E-01
432;5.19E-03;7.75E-01
433;5.04E-03;7.78E-01
434;4.91E-03;7.81E-01
435;4.83E-03;7.84E-01
436;4.76E-03;7.88E-01
437;4.72E-03;7.91E-01
438;4.72E-03;7.94E-01
439;4.72E-03;7.97E-01
440;4.74E-03;8.00E-01
441;4.77E-03;8.03E-01
442;4.84E-03;8.05E-01
443;4.91E-03;8.08E-01
444;5.00E-03;8.10E-01
445;5.09E-03;8.13E-01
446;5.18E-03;8.16E-01
447;5.29E-03;8.18E-01
448;5.41E-03;8.21E-01
449;5.52E-03;8.24E-01
450;5.64E-03;8.26E-01
451;5.75E-03;8.29E-01
452;5.86E-03;8.31E-01
453;5.97E-03;8.33E-01
454;6.06E-03;8.35E-01
455;6.13E-03;8.38E-01
456;6.17E-03;8.40E-01
457;6.19E-03;8.42E-01
458;6.19E-03;8.45E-01
459;6.17E-03;8.48E-01
460;6.13E-03;8.51E-01
461;6.06E-03;8.53E-01
462;5.97E-03;8.55E-01
463;5.83E-03;8.57E-01
464;5.70E-03;8.59E-01
465;5.55E-03;8.62E-01
466;5.37E-03;8.64E-01
467;5.18E-03;8.66E-01
468;4.97E-03;8.68E-01
469;4.76E-03;8.71E-01
470;4.57E-03;8.73E-01
471;4.39E-03;8.75E-01
472;4.21E-03;8.77E-01
473;4.03E-03;8.79E-01
474;3.87E-03;8.81E-01
475;3.72E-03;8.84E-01
476;3.60E-03;8.86E-01
477;3.48E-03;8.87E-01
478;3.39E-03;8.89E-01
479;3.28E-03;8.91E-01
480;3.18E-03;8.92E-01
481;3.06E-03;8.93E-01
482;2.94E-03;8.94E-01
483;2.81E-03;8.96E-01
484;2.69E-03;8.97E-01
485;2.57E-03;8.98E-01
486;2.46E-03;8.99E-01
487;2.35E-03;9.00E-01
488;2.23E-03;9.01E-01
489;2.12E-03;9.02E-01
490;2.00E-03;9.03E-01
491;1.87E-03;9.05E-01
492;1.75E-03;9.06E-01
493;1.61E-03;9.07E-01
494;1.49E-03;9.08E-01
495;1.37E-03;9.09E-01
496;1.25E-03;9.10E-01
497;1.14E-03;9.11E-01
498;1.04E-03;9.11E-01
499;9.41E-04;9.12E-01
500;8.57E-04;9.13E-01
501;7.86E-04;9.14E-01
502;7.18E-04;9.14E-01
503;6.59E-04;9.15E-01
504;6.01E-04;9.15E-01
505;5.51E-04;9.15E-01
506;5.01E-04;9.15E-01
507;4.57E-04;9.14E-01
508;4.18E-04;9.14E-01
509;3.79E-04;9.14E-01
510;3.43E-04;9.13E-01
511;3.08E-04;9.13E-01
512;2.75E-04;9.12E-01
513;2.38E-04;9.11E-01
514;2.10E-04;9.11E-01
515;1.85E-04;9.10E-01
516;1.62E-04;9.09E-01
517;1.44E-04;9.08E-01
518;1.25E-04;9.06E-01
519;1.11E-04;9.05E-01
520;9.73E-05;9.03E-01
521;8.52E-05;9.01E-01
522;7.63E-05;8.99E-01
523;6.79E-05;8.97E-01
524;6.13E-05;8.95E-01
525;5.49E-05;8.92E-01
526;5.00E-05;8.89E-01
527;4.53E-05;8.86E-01
528;4.16E-05;8.82E-01
529;3.85E-05;8.79E-01
530;3.59E-05;8.75E-01
531;3.40E-05;8.72E-01
532;3.26E-05;8.68E-01
533;3.15E-05;8.64E-01
534;3.06E-05;8.61E-01
535;2.98E-05;8.56E-01
536;2.90E-05;8.52E-01
537;2.83E-05;8.47E-01
538;2.81E-05;8.42E-01
539;2.81E-05;8.37E-01
540;2.81E-05;8.32E-01
541;2.84E-05;8.26E-01
542;2.88E-05;8.20E-01
543;2.94E-05;8.13E-01
544;2.98E-05;8.07E-01
545;3.00E-05;8.00E-01
546;2.98E-05;7.93E-01
547;2.95E-05;7.85E-01
548;2.90E-05;7.77E-01
549;2.83E-05;7.69E-01
550;2.74E-05;7.61E-01
551;2.64E-05;7.51E-01
552;2.49E-05;7.44E-01
553;2.32E-05;7.34E-01
554;2.16E-05;7.27E-01
555;1.97E-05;7.17E-01
556;1.78E-05;7.07E-01
557;1.60E-05;6.95E-01
558;1.39E-05;6.86E-01
559;1.22E-05;6.77E-01
560;1.06E-05;6.65E-01
561;9.26E-06;6.53E-01
562;7.80E-06;6.42E-01
563;6.55E-06;6.31E-01
564;5.41E-06;6.20E-01
565;4.43E-06;6.09E-01
566;3.60E-06;5.96E-01
567;2.93E-06;5.83E-01
568;2.29E-06;5.73E-01
569;1.84E-06;5.60E-01
570;1.47E-06;5.48E-01
571;1.20E-06;5.36E-01
572;9.79E-07;5.22E-01
573;8.15E-07;5.10E-01
574;6.84E-07;4.97E-01
575;5.93E-07;4.86E-01
576;5.43E-07;4.73E-01
577;5.08E-07;4.59E-01
578;4.92E-07;4.46E-01
579;4.84E-07;4.32E-01
580;4.76E-07;4.20E-01
581;4.80E-07;4.06E-01
582;4.91E-07;3.93E-01
583;5.08E-07;3.81E-01
584;5.28E-07;3.68E-01
585;5.57E-07;3.56E-01
586;5.84E-07;3.42E-01
587;6.12E-07;3.31E-01
588;6.49E-07;3.18E-01
589;6.91E-07;3.07E-01
590;7.34E-07;2.94E-01
591;7.97E-07;2.83E-01
592;8.57E-07;2.71E-01
593;9.35E-07;2.59E-01
594;1.02E-06;2.48E-01
595;1.11E-06;2.37E-01
596;1.20E-06;2.27E-01
597;1.32E-06;2.16E-01
598;1.46E-06;2.06E-01
599;1.59E-06;1.96E-01
600;1.74E-06;1.87E-01
601;1.90E-06;1.77E-01
602;2.06E-06;1.68E-01
603;2.25E-06;1.60E-01
604;2.43E-06;1.51E-01
605;2.61E-06;1.43E-01
606;2.78E-06;1.35E-01
607;2.97E-06;1.27E-01
608;3.16E-06;1.19E-01
609;3.31E-06;1.12E-01
610;3.47E-06;1.05E-01
611;3.61E-06;9.89E-02
612;3.71E-06;9.26E-02
613;3.86E-06;8.66E-02
614;3.97E-06;8.08E-02
615;4.07E-06;7.53E-02
616;4.25E-06;7.01E-02
617;4.37E-06;6.56E-02
618;4.52E-06;6.08E-02
619;4.70E-06;5.68E-02
620;4.94E-06;5.24E-02
621;5.19E-06;4.87E-02
622;5.48E-06;4.49E-02
623;5.85E-06;4.15E-02
624;6.31E-06;3.80E-02
625;6.86E-06;3.51E-02
626;7.54E-06;3.23E-02
627;8.35E-06;2.96E-02
628;9.35E-06;2.74E-02
629;1.06E-05;2.50E-02
630;1.22E-05;2.28E-02
631;1.40E-05;2.09E-02
632;1.59E-05;1.89E-02
633;1.87E-05;1.73E-02
634;2.22E-05;1.55E-02
635;2.68E-05;1.41E-02
636;3.32E-05;1.27E-02
637;4.14E-05;1.16E-02
638;5.26E-05;1.05E-02
639;6.70E-05;9.49E-03
640;8.52E-05;8.46E-03
641;1.08E-04;7.62E-03
642;1.37E-04;6.84E-03
643;1.75E-04;6.12E-03
644;2.24E-04;5.44E-03
645;2.87E-04;4.82E-03
646;3.71E-04;4.33E-03
647;4.75E-04;3.85E-03
648;6.16E-04;3.38E-03
649;7.95E-04;3.01E-03
650;1.03E-03;2.70E-03
651;1.34E-03;2.38E-03
652;1.73E-03;2.11E-03
653;2.24E-03;1.85E-03
654;2.80E-03;1.62E-03
655;3.65E-03;1.42E-03
656;4.69E-03;1.24E-03
657;5.89E-03;1.09E-03
658;7.53E-03;9.61E-04
659;9.53E-03;8.32E-04
660;1.17E-02;7.24E-04
661;1.47E-02;6.33E-04
662;1.82E-02;5.50E-04
663;2.20E-02;4.76E-04
664;2.65E-02;4.14E-04
665;3.16E-02;3.59E-04
666;3.79E-02;3.11E-04
667;4.47E-02;2.67E-04
668;5.27E-02;2.30E-04
669;6.12E-02;1.98E-04
670;7.10E-02;1.70E-04
671;8.12E-02;1.44E-04
672;9.23E-02;1.24E-04
673;1.05E-01;1.07E-04
674;1.18E-01;9.13E-05
675;1.33E-01;7.75E-05
676;1.46E-01;6.59E-05
677;1.61E-01;5.67E-05
678;1.77E-01;4.81E-05
679;1.93E-01;4.11E-05
680;2.11E-01;3.46E-05
681;2.27E-01;2.95E-05
682;2.43E-01;2.45E-05
683;2.62E-01;2.05E-05
684;2.81E-01;1.73E-05
685;2.98E-01;1.45E-05
686;3.14E-01;1.20E-05
687;3.31E-01;1.01E-05
688;3.47E-01;8.45E-06
689;3.66E-01;7.16E-06
690;3.84E-01;6.08E-06
691;4.00E-01;5.05E-06
692;4.15E-01;4.24E-06
693;4.29E-01;3.52E-06
694;4.43E-01;2.94E-06
695;4.57E-01;2.41E-06
696;4.68E-01;1.99E-06
697;4.79E-01;1.61E-06
698;4.90E-01;1.33E-06
699;5.01E-01;1.08E-06
700;5.10E-01;8.70E-07
701;5.19E-01;6.99E-07
702;5.28E-01;5.71E-07
703;5.35E-01;4.55E-07
704;5.42E-01;3.71E-07
705;5.47E-01;2.95E-07
706;5.53E-01;2.40E-07
707;5.58E-01;1.92E-07
708;5.62E-01;1.57E-07
709;5.66E-01;1.30E-07
710;5.70E-01;1.09E-07
711;5.73E-01;8.86E-08
712;5.75E-01;7.29E-08
713;5.77E-01;5.92E-08
714;5.79E-01;4.80E-08
715;5.80E-01;3.88E-08
716;5.80E-01;3.18E-08
717;5.80E-01;2.56E-08
718;5.79E-01;2.11E-08
719;5.77E-01;1.71E-08
720;5.76E-01;1.39E-08
721;5.74E-01;1.12E-08
722;5.72E-01;9.28E-09
723;5.69E-01;7.51E-09
724;5.66E-01;6.14E-09
725;5.64E-01;4.87E-09
726;5.61E-01;4.01E-09
727;5.58E-01;3.26E-09
728;5.54E-01;2.66E-09
729;5.51E-01;2.15E-09
730;5.47E-01;1.75E-09
731;5.43E-01;1.41E-09
732;5.39E-01;1.15E-09
733;5.35E-01;9.24E-10
734;5.30E-01;7.58E-10
735;5.26E-01;6.18E-10
736;5.21E-01;4.99E-10
737;5.16E-01;4.03E-10
738;5.12E-01;3.27E-10
739;5.07E-01;2.66E-10
740;5.02E-01;2.17E-10
741;4.98E-01;1.73E-10
742;4.93E-01;1.43E-10
743;4.88E-01;1.16E-10
744;4.83E-01;9.45E-11
745;4.78E-01;7.81E-11
746;4.74E-01;6.38E-11
747;4.68E-01;4.98E-11
748;4.64E-01;4.09E-11
749;4.59E-01;3.46E-11
750;4.55E-01;2.87E-11
751;4.50E-01;2.26E-11
752;4.46E-01;1.86E-11
753;4.41E-01;1.52E-11
754;4.37E-01;1.26E-11
755;4.32E-01;1.03E-11
756;4.28E-01;8.51E-12
757;4.23E-01;6.96E-12
758;4.19E-01;5.71E-12
759;4.14E-01;4.78E-12
760;4.10E-01;3.86E-12
761;4.06E-01;3.18E-12
762;4.02E-01;2.62E-12
763;3.98E-01;2.14E-12
764;3.95E-01;1.82E-12
765;3.91E-01;1.49E-12
766;3.87E-01;1.25E-12
767;3.83E-01;1.01E-12
768;3.79E-01;8.40E-13
769;3.75E-01;7.20E-13
770;3.72E-01;5.99E-13
771;3.68E-01;4.93E-13
772;3.65E-01;4.19E-13
773;3.61E-01;3.45E-13
774;3.58E-01;2.89E-13
775;3.55E-01;2.41E-13
776;3.52E-01;2.05E-13
777;3.49E-01;1.71E-13
778;3.46E-01;1.42E-13
779;3.43E-01;1.19E-13
780;3.40E-01;1.00E-13
781;3.37E-01;8.42E-14
782;3.34E-01;7.19E-14
783;3.31E-01;6.26E-14
784;3.29E-01;5.37E-14
785;3.26E-01;4.60E-14
786;3.23E-01;3.91E-14
787;3.20E-01;3.32E-14
788;3.18E-01;2.79E-14
789;3.15E-01;2.32E-14
790;3.13E-01;1.98E-14
791;3.11E-01;1.71E-14
792;3.09E-01;1.49E-14
793;3.07E-01;1.29E-14
794;3.05E-01;1.14E-14
795;3.03E-01;1.00E-14
796;3.02E-01;8.70E-15
797;2.99E-01;7.56E-15
798;2.97E-01;6.71E-15
799;2.96E-01;5.76E-15
800;2.94E-01;4.73E-15
801;2.93E-01;4.23E-15
802;2.91E-01;3.79E-15
803;2.90E-01;3.38E-15
804;2.89E-01;3.01E-15
805;2.87E-01;2.59E-15
806;2.86E-01;2.23E-15
807;2.85E-01;2.05E-15
808;2.84E-01;1.89E-15
809;2.82E-01;1.65E-15
810;2.81E-01;1.44E-15
811;2.80E-01;1.32E-15
812;2.79E-01;1.20E-15
813;2.78E-01;1.06E-15
814;2.77E-01;9.34E-16
815;2.76E-01;8.37E-16
816;2.75E-01;7.49E-16
817;2.74E-01;6.78E-16
818;2.73E-01;6.13E-16
819;2.72E-01;5.50E-16
820;2.72E-01;4.93E-16
821;2.71E-01;4.59E-16
822;2.70E-01;4.28E-16
823;2.70E-01;3.91E-16
824;2.69E-01;3.57E-16
825;2.68E-01;3.22E-16
826;2.68E-01;2.91E-16
827;2.68E-01;2.74E-16
828;2.67E-01;2.58E-16
829;2.67E-01;2.36E-16
830;2.67E-01;2.16E-16
831;2.66E-01;2.03E-16
832;2.66E-01;1.90E-16
833;2.66E-01;1.76E-16
834;2.65E-01;1.64E-16
835;2.65E-01;1.58E-16
836;2.65E-01;1.52E-16
837;2.65E-01;1.40E-16
838;2.65E-01;1.29E-16
839;2.65E-01;1.21E-16
840;2.65E-01;1.13E-16
841;2.65E-01;1.07E-16
842;2.65E-01;1.01E-16
843;2.65E-01;9.74E-17
844;2.65E-01;9.39E-17
845;2.66E-01;9.04E-17
846;2.66E-01;8.70E-17
847;2.66E-01;8.06E-17
848;2.67E-01;7.45E-17
849;2.67E-01;7.09E-17
850;2.67E-01;6.74E-17
851;2.68E-01;6.62E-17
852;2.68E-01;6.51E-17
853;2.69E-01;6.59E-17
854;2.70E-01;6.67E-17
855;2.70E-01;6.43E-17
856;2.70E-01;6.19E-17
857;2.70E-01;5.74E-17
858;2.70E-01;5.31E-17
859;2.70E-01;5.23E-17
860;2.70E-01;5.15E-17
861;2.70E-01;5.67E-17
862;2.70E-01;6.25E-17
863;2.70E-01;6.47E-17
864;2.70E-01;6.70E-17
865;2.70E-01;6.28E-17
866;2.70E-01;5.89E-17
867;2.71E-01;6.04E-17
868;2.71E-01;6.19E-17
869;2.71E-01;6.17E-17
870;2.72E-01;6.14E-17
871;2.72E-01;6.13E-17
872;2.72E-01;6.13E-17
873;2.72E-01;6.06E-17
874;2.72E-01;5.99E-17
875;2.72E-01;6.27E-17
876;2.72E-01;6.55E-17
877;2.72E-01;6.02E-17
878;2.73E-01;5.53E-17
879;2.73E-01;5.87E-17
880;2.73E-01;6.23E-17
881;2.73E-01;5.82E-17
882;2.74E-01;5.43E-17
883;2.74E-01;5.83E-17
884;2.75E-01;6.26E-17
885;2.75E-01;6.42E-17
886;2.75E-01;6.59E-17
887;2.76E-01;6.61E-17
888;2.76E-01;6.63E-17
889;2.76E-01;6.91E-17
890;2.77E-01;7.20E-17
891;2.77E-01;7.48E-17
892;2.78E-01;7.78E-17
893;2.78E-01;7.18E-17
894;2.79E-01;6.64E-17
895;2.79E-01;7.31E-17
896;2.79E-01;8.05E-17
897;2.79E-01;8.34E-17
898;2.80E-01;8.63E-17
899;2.80E-01;8.94E-17
900;2.80E-01;9.26E-17
901;2.81E-01;8.48E-17
902;2.82E-01;7.76E-17
903;2.83E-01;8.05E-17
904;2.84E-01;8.36E-17
905;2.84E-01;8.59E-17
906;2.85E-01;8.84E-17
907;2.86E-01;9.10E-17
908;2.87E-01;9.38E-17
909;2.88E-01;9.86E-17
910;2.88E-01;1.04E-16
911;2.89E-01;1.07E-16
912;2.89E-01;1.10E-16
913;2.89E-01;1.15E-16
914;2.89E-01;1.21E-16
915;2.89E-01;1.26E-16
916;2.89E-01;1.31E-16
917;2.90E-01;1.38E-16
918;2.90E-01;1.46E-16
919;2.91E-01;1.51E-16
920;2.91E-01;1.57E-16
921;2.92E-01;1.65E-16
922;2.93E-01;1.74E-16
923;2.94E-01;1.84E-16
924;2.96E-01;1.94E-16
925;2.97E-01;2.03E-16
926;2.97E-01;2.14E-16
927;2.98E-01;2.26E-16
928;2.99E-01;2.38E-16
929;2.99E-01;2.53E-16
930;3.00E-01;2.68E-16
931;3.00E-01;2.82E-16
932;3.01E-01;2.95E-16
933;3.01E-01;3.10E-16
934;3.02E-01;3.25E-16
935;3.02E-01;3.43E-16
936;3.03E-01;3.62E-16
937;3.04E-01;3.83E-16
938;3.05E-01;4.06E-16
939;3.06E-01;4.36E-16
940;3.07E-01;4.68E-16
941;3.08E-01;4.94E-16
942;3.09E-01;5.22E-16
943;3.11E-01;5.55E-16
944;3.12E-01;5.89E-16
945;3.14E-01;6.27E-16
946;3.15E-01;6.67E-16
947;3.16E-01;7.07E-16
948;3.17E-01;7.49E-16
949;3.17E-01;8.05E-16
950;3.18E-01;8.64E-16
951;3.19E-01;9.14E-16
952;3.20E-01;9.67E-16
953;3.21E-01;1.03E-15
954;3.22E-01;1.09E-15
955;3.22E-01;1.17E-15
956;3.23E-01;1.26E-15
957;3.23E-01;1.35E-15
958;3.24E-01;1.44E-15
959;3.24E-01;1.53E-15
960;3.25E-01;1.62E-15
961;3.26E-01;1.74E-15
962;3.28E-01;1.87E-15
963;3.30E-01;1.99E-15
964;3.31E-01;2.12E-15
965;3.33E-01;2.28E-15
966;3.34E-01;2.45E-15
967;3.35E-01;2.62E-15
968;3.36E-01;2.79E-15
969;3.36E-01;2.99E-15
970;3.37E-01;3.20E-15
971;3.38E-01;3.42E-15
972;3.39E-01;3.65E-15
973;3.40E-01;3.94E-15
974;3.41E-01;4.25E-15
975;3.42E-01;4.55E-15
976;3.43E-01;4.87E-15
977;3.44E-01;5.22E-15
978;3.45E-01;5.60E-15
979;3.46E-01;6.00E-15
980;3.47E-01;6.42E-15
981;3.49E-01;6.90E-15
982;3.50E-01;7.40E-15
983;3.52E-01;7.97E-15
984;3.54E-01;8.57E-15
985;3.55E-01;9.15E-15
986;3.56E-01;9.77E-15
987;3.57E-01;1.05E-14
988;3.58E-01;1.14E-14
989;3.59E-01;1.23E-14
990;3.60E-01;1.32E-14
991;3.61E-01;1.41E-14
992;3.61E-01;1.51E-14
993;3.62E-01;1.63E-14
994;3.63E-01;1.77E-14
995;3.64E-01;1.89E-14
996;3.65E-01;2.03E-14
997;3.65E-01;2.18E-14
998;3.66E-01;2.33E-14
999;3.67E-01;2.53E-14
1000;3.68E-01;2.73E-14
1001;3.69E-01;2.95E-14
1002;3.70E-01;3.18E-14
1003;3.71E-01;3.44E-14
1004;3.72E-01;3.72E-14
1005;3.73E-01;3.96E-14
1006;3.74E-01;4.21E-14
1007;3.75E-01;4.57E-14
1008;3.76E-01;4.96E-14
1009;3.77E-01;5.33E-14
1010;3.78E-01;5.72E-14
1011;3.79E-01;6.18E-14
1012;3.79E-01;6.67E-14
1013;3.80E-01;7.16E-14
1014;3.80E-01;7.69E-14
1015;3.80E-01;8.29E-14
1016;3.81E-01;8.92E-14
1017;3.82E-01;9.50E-14
1018;3.83E-01;1.01E-13
1019;3.84E-01;1.09E-13
1020;3.86E-01;1.18E-13
1021;3.87E-01;1.28E-13
1022;3.88E-01;1.39E-13
1023;3.89E-01;1.49E-13
1024;3.90E-01;1.60E-13
1025;3.91E-01;1.71E-13
1026;3.91E-01;1.82E-13
1027;3.91E-01;1.97E-13
1028;3.92E-01;2.14E-13
1029;3.92E-01;2.30E-13
1030;3.92E-01;2.47E-13
1031;3.92E-01;2.63E-13
1032;3.92E-01;2.81E-13
1033;3.93E-01;3.06E-13
1034;3.93E-01;3.34E-13
1035;3.93E-01;3.55E-13
1036;3.94E-01;3.78E-13
1037;3.94E-01;4.08E-13
1038;3.94E-01;4.42E-13
1039;3.95E-01;4.73E-13
1040;3.95E-01;5.07E-13
1041;3.96E-01;5.50E-13
1042;3.96E-01;5.95E-13
1043;3.97E-01;6.40E-13
1044;3.97E-01;6.87E-13
1045;3.98E-01;7.43E-13
1046;3.98E-01;8.03E-13
1047;3.97E-01;8.58E-13
1048;3.97E-01;9.17E-13
1049;3.96E-01;9.84E-13
1050;3.96E-01;1.06E-12
1051;3.96E-01;1.14E-12
1052;3.96E-01;1.22E-12
1053;3.96E-01;1.32E-12
1054;3.96E-01;1.42E-12
1055;3.96E-01;1.51E-12
1056;3.96E-01;1.61E-12
1057;3.96E-01;1.73E-12
1058;3.96E-01;1.86E-12
1059;3.97E-01;1.99E-12
1060;3.97E-01;2.13E-12
1061;3.96E-01;2.30E-12
1062;3.96E-01;2.48E-12
1063;3.96E-01;2.68E-12
1064;3.95E-01;2.89E-12
1065;3.95E-01;3.10E-12
1066;3.94E-01;3.33E-12
1067;3.93E-01;3.58E-12
1068;3.92E-01;3.85E-12
1069;3.91E-01;4.12E-12
1070;3.90E-01;4.41E-12
1071;3.89E-01;4.76E-12
1072;3.89E-01;5.14E-12
1073;3.89E-01;5.46E-12
1074;3.88E-01;5.79E-12
1075;3.88E-01;6.23E-12
1076;3.87E-01;6.70E-12
1077;3.86E-01;7.16E-12
1078;3.86E-01;7.65E-12
1079;3.85E-01;8.22E-12
1080;3.84E-01;8.83E-12
1081;3.83E-01;9.50E-12
1082;3.82E-01;1.02E-11
1083;3.81E-01;1.10E-11
1084;3.80E-01;1.17E-11
1085;3.79E-01;1.26E-11
1086;3.78E-01;1.35E-11
1087;3.77E-01;1.44E-11
1088;3.75E-01;1.54E-11
1089;3.74E-01;1.66E-11
1090;3.72E-01;1.78E-11
1091;3.71E-01;1.91E-11
1092;3.70E-01;2.04E-11
1093;3.68E-01;2.19E-11
1094;3.67E-01;2.34E-11
1095;3.66E-01;2.51E-11
1096;3.64E-01;2.68E-11
1097;3.64E-01;2.87E-11
1098;3.63E-01;3.07E-11
1099;3.62E-01;3.27E-11
1100;3.61E-01;3.48E-11
1105;3.50E-01;4.95E-11
1110;3.37E-01;6.99E-11
1115;3.33E-01;9.92E-11
1120;3.19E-01;1.34E-10
1125;3.10E-01;1.91E-10
1130;3.04E-01;2.65E-10
1135;2.95E-01;3.71E-10
1140;2.89E-01;5.03E-10
1145;2.78E-01;6.98E-10
1150;2.68E-01;9.70E-10
1155;2.60E-01;1.33E-09
1160;2.44E-01;1.83E-09
1165;2.41E-01;2.51E-09
1170;2.29E-01;3.43E-09
1175;2.20E-01;4.75E-09
1180;2.10E-01;6.36E-09
1185;2.02E-01;8.83E-09
1190;1.91E-01;1.18E-08
1195;1.87E-01;1.61E-08
1200;1.76E-01;2.15E-08
1250;1.17E-01;3.85E-07
1300;8.69E-02;4.98E-06
1350;8.24E-02;4.68E-05
1400;8.52E-02;3.12E-04
1450;8.37E-02;1.51E-03
1500;8.19E-02;5.49E-03
1550;8.37E-02;1.59E-02
1600;9.45E-02;3.70E-02
1650;1.08E-01;7.18E-02
1700;1.18E-01;1.33E-01
1750;1.23E-01;2.01E-01
1800;1.25E-01;2.69E-01
1850;1.35E-01;3.39E-01
1900;1.48E-01;4.05E-01
1950;1.69E-01;4.80E-01
2000;1.85E-01;5.31E-01
2050;2.03E-01;5.84E-01
2100;2.16E-01;6.27E-01
2150;2.26E-01;6.56E-01
2200;2.20E-01;6.50E-01
2250;2.15E-01;6.33E-01
2300;2.12E-01;6.36E-01
2350;2.16E-01;6.36E-01
2400;2.16E-01;6.36E-01
2450;2.13E-01;6.20E-01
2500;1.99E-01;5.51E-01
2550;1.44E-01;4.35E-01
2600;1.26E-01;4.05E-01
2650;1.11E-01;3.64E-01
2700;8.88E-02;3.29E-01
2750;4.41E-02;2.07E-01
2800;1.73E-03;3.59E-02
2850;4.75E-05;2.49E-03
2900;2.72E-06;3.43E-04
2950;3.78E-07;4.72E-05
3000;5.42E-08;8.00E-06
3050;8.45E-09;1.32E-06
3100;1.60E-09;2.16E-07
3150;4.10E-10;3.12E-08
3200;1.09E-10;4.86E-09
3250;3.39E-11;8.95E-10
3300;1.21E-11;1.74E-10
3350;6.97E-12;5.73E-11
3400;5.43E-12;3.12E-11
3450;5.43E-12;2.37E-11
3500;6.97E-12;2.70E-11
3550;9.71E-12;4.85E-11
3600;1.65E-11;1.32E-10
3650;2.70E-11;4.10E-10
3700;4.59E-11;1.28E-09
3750;6.58E-11;4.48E-09
3800;7.05E-11;8.93E-09
3850;5.81E-11;1.03E-08
3900;4.11E-11;6.97E-09
3950;2.15E-11;3.21E-09
4000;8.00E-12;3.43E-10
4050;2.05E-12;5.42E-11
4100;5.45E-13;4.60E-12
4150;2.06E-13;3.38E-13
4200;1.32E-13;1.40E-13
4250;1.60E-13;1.22E-13
4300;3.43E-13;2.16E-13
4350;1.03E-12;1.89E-12
4400;2.58E-12;8.00E-12
4450;5.14E-12;2.12E-11
4500;9.44E-12;3.89E-11
4550;1.70E-11;1.25E-10
4600;2.70E-11;3.43E-10
4650;4.35E-11;1.47E-09
4700;6.40E-11;4.01E-09
4750;8.04E-11;8.45E-09
4800;1.03E-10;1.61E-08
4850;1.18E-10;1.70E-08
4900;1.25E-10;1.75E-08
4950;1.25E-10;1.85E-08
5000;1.22E-10;2.70E-08
5050;1.00E-10;3.58E-08
5100;6.40E-11;4.72E-08
5150;2.06E-11;4.47E-08
5200;1.00E-12;2.24E-08
